n_components,heldout_loglik,icl,test_min_fraction,train_sparse_components,test_sparse_components,occupancy_js,centroid_shift,adm_ratio_rmse,uncorrected_flux_std,corrected_flux_std,corrected_flux_improvement,ari_min,ari_std,worst_channel_adm_rmse,worst_scene_adm_rmse,minimum_angular_coverage,exact_raw_flux_std,exact_corrected_flux_std,exact_flux_improvement,exact_adm_ratio_rmse,exact_worst_channel_adm_rmse,exact_worst_scene_adm_rmse,shortlisted,criterion_adm_plateau,criterion_occupancy,criterion_stability,criterion_angular_coverage,criterion_adm_coverage,criterion_exact_adm_coverage,criterion_exact_improvement,all_criteria
2,-4.952901505081063,491004.82031769864,0.46234,0,0,0.0009213487649627305,0.269194628094529,0.0772707553092576,23.132872480922973,1.3085261474283205,0.9434343422544077,0.9789110604918457,0.00573710920691299,0.1074753060513265,0.1028979585030394,0.7777777777777778,16.90547479168848,8.868489093925056,0.4754072746726274,0.0772707553092576,0.10747530605132652,0.10289795850303939,True,False,True,True,True,True,True,True,False
3,-4.7759429055473825,471124.02492812223,0.14298,0,0,0.0012209108901712203,0.33483259878658067,0.07339954102360778,23.132872480922973,1.3402291387053737,0.9420638686436099,0.47783648636383347,0.21532425543548364,0.10013917081486318,0.13936472243245981,0.7777777777777778,16.90547479168848,8.311372694148824,0.5083620663387057,0.07339954102360777,0.10013917081486318,0.13936472243245981,True,False,True,False,True,True,True,True,False
4,-4.64718426521942,465540.7486978958,0.132,0,0,0.0015005391810360084,0.3073072033530018,0.07340762684067116,23.132872480922973,1.3503021320217334,0.9416284279812076,0.7060938438271911,0.11749444580357511,0.10033370968529737,0.13234130978848338,0.7777777777777778,16.90547479168848,8.31797119185488,0.5079717491315664,0.07340762684067116,0.10033370968529738,0.13234130978848338,True,True,True,False,True,True,True,True,False
5,-4.549394761953122,460683.40446382796,0.04558,0,0,0.0022387537300567846,0.3524210345457337,0.07143081953164218,23.132872480922973,1.315125144494769,0.9431490773322978,0.6485476276105724,0.1550846788538375,0.09950047863393359,0.13510554127411348,0.7777777777777778,16.90547479168848,8.29700566083911,0.5092119113437557,0.07143081953164218,0.09950047863393359,0.13510554127411348,True,False,True,False,True,True,True,True,False
6,-4.479328513917177,454953.6797082041,0.04582,0,0,0.0033841150564302676,0.3159758574828988,0.07193741279397248,23.132872480922973,1.3378243678983222,0.9421678233430981,0.9703092760684475,0.0023022126905638883,0.10035082846351595,0.13282222916592346,0.7777777777777778,16.90547479168848,8.329189424363326,0.5073081633614724,0.07193741279397248,0.10035082846351595,0.13282222916592346,True,True,True,True,True,True,True,True,True
7,-4.422877857324478,449234.16570342117,0.0446,0,0,0.0037185049978966734,0.29432325335226284,0.07160099575233936,23.132872480922973,1.2970137051496504,0.9439320081749787,0.5486340991113227,0.19296635762037065,0.099552148975321,0.13491989284263856,0.7777777777777778,16.90547479168848,8.306221640525107,0.5086667637037421,0.07160099575233936,0.09955214897532098,0.13491989284263853,True,True,True,False,True,True,True,True,False
8,-4.411006297504386,451399.9434132925,0.0418,0,0,0.003948639336292418,0.3174667589762463,0.07005955925674394,23.132872480922973,1.277417903446107,0.9447791058157798,0.7820710986038394,0.07573754210948047,0.09722873104767805,0.13950230455327045,0.7777777777777778,16.90547479168848,8.180756154668027,0.516088352709853,0.07005955925674394,0.09722873104767805,0.13950230455327045,True,False,True,False,True,True,True,True,False
9,-4.3771466256488445,448441.1475381054,0.03456,0,0,0.0042702364181366765,0.3313982183181814,0.07198562169507908,23.132872480922973,1.3099867332122708,0.9433712032825764,0.9241531149438621,0.01547771168260041,0.10019660401198094,0.13288149607904182,0.5555555555555556,16.90547479168848,8.333571527353655,0.5070489512988522,0.07198562169507906,0.10019660401198094,0.1328814960790418,True,True,True,True,False,True,True,True,False
10,-4.358609789867483,452471.94529508747,0.02554,0,0,0.005322731958377601,0.3272154033702835,0.07063410673022154,23.132872480922973,1.2875493045860213,0.9443411402692066,0.5393152330611426,0.07253049125643952,0.09877691916990301,0.14216976790155417,0.7777777777777778,16.90547479168848,8.227309351972247,0.5133346177288569,0.07063410673022154,0.09877691916990303,0.14216976790155417,True,False,True,False,True,True,True,True,False
11,-4.338402971703478,447533.28332012316,0.0248,0,0,0.005485916642729549,0.3026032582894175,0.07045887980834371,23.132872480922973,1.2967400849429715,0.9439438363734397,0.5488386650061742,0.025857103339951903,0.09865592862665633,0.14336840262647377,0.6666666666666666,16.90547479168848,8.214629808434116,0.5140846436047563,0.07045887980834371,0.09865592862665631,0.14336840262647377,True,True,True,False,False,True,True,True,False
12,-4.330643456127849,446766.7387621679,0.03338,0,0,0.0056955082742647534,0.32994437768763624,0.06892046532261664,23.132872480922973,1.2757200490930942,0.944852501558328,0.5276737538386981,0.03513276348376933,0.09482831842670883,0.1519890986413481,0.5555555555555556,16.90547479168848,8.086173953331807,0.5216831202334911,0.06892046532261664,0.09482831842670883,0.1519890986413481,True,False,True,False,False,True,True,True,False
13,-4.31897422898321,445246.3048011127,0.02462,0,0,0.0062508274377322155,0.3211704183489289,0.07065006543801892,23.132872480922973,1.2855969362427329,0.9444255382766266,0.5152965804609738,0.06636007742721216,0.09900500983777898,0.14191834275491486,0.5555555555555556,16.90547479168848,8.22651394942236,0.5133816677265464,0.07065006543801894,0.09900500983777898,0.14191834275491486,True,True,True,False,False,True,True,True,False
14,-4.299127980236719,448873.0903169755,0.01994,0,0,0.011806109574608138,0.3322311113594597,0.06797337936947123,23.132872480922973,1.2627091398774508,0.9454149439971724,0.623023314267084,0.040459677403641474,0.09402944627699918,0.15216625748115264,0.5555555555555556,16.90547479168848,8.040125030747161,0.5244070261368784,0.06797337936947123,0.09402944627699918,0.15216625748115264,True,False,True,False,False,True,True,True,False
15,-4.278614891182013,447482.77464902884,0.0158,0,0,0.006545711394766798,0.34020972506124136,0.06840444404986026,23.132872480922973,1.2701601318252858,0.9450928485914254,0.5537054162976227,0.031948724844154425,0.09426940829508926,0.1512911887978815,0.6666666666666666,16.90547479168848,8.085651749369292,0.5217140098694787,0.06840444404986026,0.09426940829508926,0.15129118879788148,True,True,True,False,False,True,True,True,False
