n_components,heldout_loglik,icl,test_min_fraction,train_sparse_components,test_sparse_components,occupancy_js,centroid_shift,adm_ratio_rmse,uncorrected_flux_std,corrected_flux_std,corrected_flux_improvement,ari_min,ari_std,worst_channel_adm_rmse,worst_scene_adm_rmse,minimum_angular_coverage,adm_rmse_relative_improvement,criterion_adm_plateau,criterion_occupancy,criterion_stability,criterion_angular_coverage,criterion_adm_coverage,shortlisted,exact_raw_flux_std,exact_corrected_flux_std,exact_flux_improvement,exact_adm_ratio_rmse,exact_worst_channel_adm_rmse,exact_worst_scene_adm_rmse,criterion_exact_improvement,criterion_exact_adm_coverage,all_criteria
2,-8.078867354227176,9752089.357312575,0.40858,0,0,0.0005877290771565678,0.2925949226316643,0.28697913880164666,52.566766959721825,3.343879133242221,0.9363879628396322,0.9935499882508129,0.0015273994751750565,0.4630046239270798,0.42954079723585387,1.0,nan,False,True,True,True,True,False,nan,nan,nan,nan,nan,nan,False,False,False
3,-7.436175540624225,9068747.629370319,0.22121333333333335,0,0,0.0006595701472937428,0.2939012604497398,0.2899491220929176,52.566766959721825,3.3128114006651015,0.9369789775505221,0.985690098865736,0.003760576865180612,0.4689832252310396,0.4645088304690032,1.0,-0.010349126085167274,True,True,True,True,True,True,40.44159553617397,21.875256706983468,0.45909016652380563,0.32952857577952327,0.5372801114518551,0.5331815306784337,True,True,True
4,-7.183634422938895,8807314.36362836,0.16470666666666667,0,0,0.0009288388638555656,0.31553070603389816,0.288601195066811,52.566766959721825,3.3175928175963727,0.9368880186194748,0.9754397005518612,0.005909723931827645,0.46795924625949836,0.5218680242189276,1.0,0.004648839825335578,True,True,True,True,True,True,40.44159553617397,21.799718933954196,0.4609579902836695,0.3263933397140459,0.5325709072153112,0.6285360963134985,True,True,True
5,-6.8422031971209805,8431171.701734941,0.14324666666666666,0,0,0.0008096149410312104,0.3125365429952518,0.28746402484152705,52.566766959721825,3.29970630730357,0.9372282813239797,0.9817843349340223,0.003715202784037128,0.4670386463648649,0.5102698365654461,1.0,0.003940282454550021,True,True,True,True,True,True,40.44159553617397,21.88297119039937,0.4588994103651125,0.3263413684554047,0.5335001938113499,0.6080399177269424,True,True,True
6,-6.688795428481295,8278253.220113649,0.08408,0,0,0.0012717208421604716,0.3101795628696477,0.28517238734855394,52.566766959721825,3.2949524193620023,0.9373187165593293,0.9236845144615754,0.02195187939393717,0.4653319391282255,0.5414860421304148,1.0,0.007971910552064565,True,True,True,True,True,True,40.44159553617397,21.898516220982405,0.4585150281374348,0.3224907199085151,0.5290601456249701,0.6564236967096682,True,True,True
7,-6.593588713397095,8219536.243986443,0.0633,0,0,0.0013683610210168762,0.32420244581821506,0.28465398462039354,52.566766959721825,3.3030447663436133,0.9371647723955613,0.9464444788336089,0.004270674751969819,0.46491974773382616,0.5479765388245056,1.0,0.0018178573773581133,True,True,True,True,True,True,40.44159553617397,22.00288435080551,0.4559343156695068,0.3230261236728403,0.5300630565911904,0.6875117441771665,True,True,True
8,-6.499994964440477,8119991.233297918,0.033666666666666664,0,0,0.00149041772624164,0.3016197568406621,0.28350078092640085,52.566766959721825,3.2974012998054865,0.9372721304634913,0.675361821221826,0.13915630491434072,0.46281449017173293,0.562188530369937,1.0,0.00405124732587379,True,True,False,True,True,False,nan,nan,nan,nan,nan,nan,False,False,False
9,-6.425515847714008,8092950.716053735,0.031246666666666666,0,0,0.0017910678919127669,0.31220860961613633,0.2797776147979534,52.566766959721825,3.2860092815023747,0.9374888456803857,0.6069525641015049,0.15639459803191808,0.4565153837639731,0.5452090226094345,1.0,0.01313282494771695,False,True,False,True,True,False,nan,nan,nan,nan,nan,nan,False,False,False
10,-6.383489460767811,8067031.176732914,0.026473333333333335,0,0,0.001965624020522651,0.3054926461879105,0.27676928350478264,52.566766959721825,3.323704823443294,0.9367717473286875,0.4711889310830152,0.029849918762201028,0.449277050215595,0.596123602651956,1.0,0.010752580385472452,False,True,False,True,True,False,nan,nan,nan,nan,nan,nan,False,False,False
11,-6.323381753789617,8034978.215925764,0.029213333333333334,0,0,0.0023412179500216087,0.3179036143764677,0.2703291818608793,52.566766959721825,3.1953171490566366,0.9392141207484763,0.41535845911792013,0.1747381640914804,0.4379565002570834,0.5565845002220455,1.0,0.023268845308088766,False,True,False,True,True,False,nan,nan,nan,nan,nan,nan,False,False,False
12,-6.282712352170059,8003274.295683278,0.025206666666666665,0,0,0.0023417428357680923,0.3131318939597303,0.2630206824902459,52.566766959721825,3.2503725961936194,0.9381667775253488,0.5100297392844747,0.1750061825505231,0.4240012298706917,0.5831034814525161,1.0,0.027035554653491264,False,True,False,True,True,False,nan,nan,nan,nan,nan,nan,False,False,False
13,-6.235320646632468,7959005.597047529,0.024813333333333333,0,0,0.0032782716140772445,0.31355376736162716,0.2650079947331729,52.566766959721825,3.2149026742449736,0.9388415369598757,0.43696535302056694,0.11124472609840412,0.4293886130444129,0.5588060165858206,1.0,-0.007555726128117984,True,True,False,True,True,False,nan,nan,nan,nan,nan,nan,False,False,False
14,-6.198342483181648,7952651.3981763795,0.024346666666666666,0,0,0.0032625103684089233,0.31440550771077314,0.27127096841172543,52.566766959721825,3.247008254539161,0.9382307788297669,0.40918450236369996,0.19416641357534786,0.4404896339847031,0.6165361754028236,1.0,-0.023633149954055226,True,True,False,True,True,False,nan,nan,nan,nan,nan,nan,False,False,False
15,-6.1459406292121885,7861021.241096032,0.02214,0,0,0.0047009024130465135,0.29178494831653634,0.26620798618030656,52.566766959721825,3.196543813581614,0.9391907853866893,0.5449516792781499,0.17219169509168986,0.43328443495902247,0.6085114460890885,0.8888888888888888,0.018663929505845472,False,True,False,True,True,False,nan,nan,nan,nan,nan,nan,False,False,False
