Error source,Bias W/m2,Scene-dependent SD W/m2,Random SD W/m2,RMSE W/m2
N2BC reconstruction (within-library),-0.0034,1.0080,0.0000,1.0080
Scene-ADM approximation / within-scene diversity,+0.6505,1.1790,0.0000,1.3466
Radiometric noise (scene label held fixed),-0.0031,Below MC resolution,0.2374,0.2372
Noise-mediated scene assignment (ABI-to-ECO assumption),-0.0216,0.1034,0.2957,0.3140
Conditional joint subtotal (not full ECO uncertainty),+0.6223,1.8155,0.3780,1.9560
Spatial processing: ABI 2-to-10 km proxy,+0.0200,0.3471,0.0000,0.3477
Combined budget (spatial independent; not full ECO uncertainty),+0.6423,1.8484,0.3780,1.9930
Training / library estimation variability,Unquantified,Unquantified,Unquantified,--
ECO spatial PSF / spatial-noise interactions,Unquantified,Unquantified,Unquantified,--
"Calibration, SRF, registration, evolution, library discrepancy",Unquantified,Unquantified,Unquantified,--
